keyword,sentiment_mean,sentiment_std,subjectivity_mean,subjectivity_std,counting
'Auto Verbrenner',0.1722270725687576,0.3843280559314854,-0.2819687003282525,0.766342257777092,4.0
'Hochwasser Regen',-0.5768267021751688,0.184243854644931,-0.5771601883432527,0.18377223398316203,3.0
'Hochwasser Wasser',0.24705318618788985,0.585088226929915,-0.45925235117748525,0.5459575386186278,3.0
'Ski Schnee',0.016232144315268662,0.8208070071221111,0.010097372082106763,0.6507281671526234,15.0
'Ski Tourismus',-0.010815607181018408,0.7868936300297409,0.7921754165467977,0.9117928910319678,3.0
'Ski Winter',-0.10674149426269589,0.7652889211842285,0.14747106353937575,0.7099550304618816,10.0
'Weinlese Herbst',0.7071067811865468,1.0,0.7071067811865462,1.0,1.0
'Wohnen Fläche',0.0,1.0,0.0,1.0,1.0
