week,sentiment_mean,sentiment_std,subjectivity_mean,subjectivity_std,counting
2022-43,-0.10105529924123823,0.7815305407246929,0.23306081709922077,1.1855185656459177,8.0
2022-44,0.28530630586198347,1.0634848807276842,0.024533745845252176,0.7009851961896583,9.0
2022-45,-0.10844358462805496,0.608149202738633,-0.0004302407399330854,0.7433644828512791,5.0
2022-46,-0.12279847175251223,0.6157891069021219,-0.3101238823962339,0.5656812551867102,6.0
2022-47,-0.46524984566280286,0.5922111878074854,0.7502119754621334,0.8841832550566237,3.0
