keyword,sentiment_mean,sentiment_std,subjectivity_mean,subjectivity_std,counting
'Dürre',-0.28257428979616495,0.6147926133613406,0.29798017815721783,0.6844846660789019,16.0
'Hagel',0.26050333809552567,0.9492495348610006,-0.27362624917417666,0.8719308344186164,12.0
'Hitze',-0.7071067811865475,1.0,0.7071067811865476,1.0,1.0
'Regen',0.11666666666666665,1.0,0.0,1.0,1.0
'Winter',0.7071067811865476,1.0,,1.0,1.0
