week,sentiment_mean,sentiment_std,subjectivity_mean,subjectivity_std,counting
2022-42,-0.3248427035162324,0.8427470696093583,0.2618912633317874,0.5199391274556618,5.0
2022-43,-0.2676029960528287,0.3270889492308905,-0.05639972969382391,0.45996835505259137,8.0
2022-44,-0.21266687453716954,0.7421697245290991,0.10165048068551918,0.7980009063274881,8.0
2022-45,0.5307721639563104,0.6333529672626029,-0.4063588252861466,0.5551220534203942,6.0
2022-46,0.10288185421510253,0.703711539552367,0.09259246873045446,0.7722392660141456,10.0
2022-47,0.31993679794827684,0.9009797951363977,0.36587687475434283,1.2842613846086572,3.0
