topic,sentiment_mean,sentiment_std,subjectivity_mean,subjectivity_std,counting
Auto,-0.03376507150692022,0.9783762332566531,0.0393234899621559,0.865933112441476,81.0
Hochwasser,-0.04800175653984148,0.6632666865113656,-0.5147065857276826,0.9511261858598639,16.0
Ski,0.002358713506780643,0.7280350741916959,0.0409749149070304,0.8806971599847689,54.0
Weinlese,0.6672412720235203,0.7818358396658509,0.8410031898990058,0.9871251285932178,5.0
Wohnen,-0.01784916239539362,1.2988125104405785,-0.47681035875387767,0.16177684907436918,6.0
