topic,sentiment_mean,sentiment_std,subjectivity_mean,subjectivity_std,counting
Hochwasser,0.11666666666666665,1.0,0.0,1.0,1.0
Ski,0.7071067811865476,1.0,,1.0,1.0
Weinlese,-0.056929880784687,0.8126438971793458,0.0423913043478261,0.8131530516301924,29.0
